consumer_id,purchase_date,quantity,total_amount
1,20190101,1,11.77
4,20190101,2,29.33
5,20190101,2,29.33
6,20190101,1,20.99
7,20190101,2,28.74
8,20190101,1,9.77
9,20190101,2,23.54
11,20190101,1,13.49
12,20190101,4,57.06
13,20190101,4,72.94
14,20190101,2,29.92
15,20190101,4,52.87
16,20190101,1,9.77
17,20190101,5,73.22
19,20190101,10,163.35
20,20190101,27,363.6
21,20190101,3,63.34
22,20190101,1,14.37
23,20190101,2,24.74
24,20190101,3,47.28
25,20190101,2,24.96
26,20190101,3,42.72
28,20190101,3,39.51
29,20190101,3,46.72
30,20190101,1,14.37
31,20190101,4,59.06
32,20190101,3,49.97
33,20190101,3,41.69
34,20190101,2,23.14
35,20190101,2,26.73
36,20190101,3,37.91
38,20190101,1,12.49
39,20190101,3,33.33
40,20190101,2,28.34
41,20190101,1,17.99
42,20190101,3,26.55
43,20190101,2,29.33
44,20190101,2,30.32
45,20190101,1,14.37
46,20190101,3,41.53
47,20190101,3,37.91
48,20190101,4,52.72
49,20190101,2,27.94
50,20190101,1,6.79
53,20190101,1,19.99
54,20190101,2,33.96
55,20190101,5,66.09
56,20190101,2,27.73
57,20190101,4,57.86
58,20190101,1,20.99
59,20190101,1,13.99
61,20190101,11,155.65
62,20190101,3,32.91
63,20190101,3,44.97
65,20190101,1,18.77
66,20190101,1,39.99
67,20190101,2,29.73
68,20190101,2,40.36
69,20190101,6,105.31
70,20190101,5,72.23
71,20190101,1,13.97
72,20190101,1,11.99
73,20190101,1,13.97
74,20190101,1,41.99
75,20190101,5,69.81
76,20190101,1,9.99
77,20190101,1,12.97
79,20190101,6,77.44
80,20190101,4,43.46
81,20190101,2,74.76
82,20190101,3,38.5
83,20190101,1,13
84,20190101,1,13.97
86,20190101,2,23.94
87,20190101,7,103.37
89,20190101,3,47.08
90,20190101,1,12.9
91,20190101,2,32.54
92,20190101,2,35.98
93,20190101,9,122.09
96,20190101,4,57.67
97,20190101,6,91.57
98,20190101,2,46.14
99,20190101,2,25.94
100,20190101,1,13.77
102,20190101,1,14.37
104,20190101,1,14.96
105,20190101,3,35.31
106,20190101,2,31.52
107,20190101,1,21.99
108,20190101,1,17.96
110,20190101,2,27.94
111,20190101,1,35.99
112,20190101,1,11.77
113,20190101,3,32.91
114,20190101,1,16.36
115,20190101,1,13.97
116,20190101,1,12.77
117,20190101,2,18.74
118,20190101,1,15.36
119,20190101,3,41.69
120,20190101,1,22.97
121,20190101,1,12.49
122,20190101,2,27.74
123,20190101,1,31.99
124,20190101,2,28.93
125,20190101,3,37.47
127,20190101,3,39.71
128,20190101,3,20.37
129,20190101,1,12.49
130,20190101,1,14.37
131,20190101,2,30.32
132,20190101,3,53.69
133,20190101,1,18.99
134,20190101,1,17.9
135,20190101,3,41.7
135,20190101,3,42.69
136,20190101,2,44.98
137,20190101,2,27.73
138,20190101,1,14.99
140,20190101,1,28.7
141,20190101,1,19.97
143,20190101,1,12.49
143,20190101,1,28.99
144,20190101,2,30.72
145,20190101,1,14.79
146,20190101,1,13.97
148,20190101,1,14.96
149,20190101,4,54.87
150,20190101,1,15.36
151,20190101,1,13.97
152,20190101,6,102
153,20190101,1,6.79
154,20190101,1,14.37
155,20190101,1,23.99
156,20190101,1,10.77
157,20190101,2,27.94
158,20190101,3,43.05
159,20190101,2,19.75
160,20190101,2,19.74
161,20190101,1,19.77
162,20190101,2,119.54
163,20190101,2,25.74
165,20190101,1,7.78
166,20190101,2,29.53
168,20190101,1,14.96
169,20190101,1,11.77
170,20190101,2,29.92
171,20190101,1,14.96
172,20190101,5,50.95
173,20190101,1,18.36
174,20190101,1,15.36
175,20190101,1,27.77
176,20190101,1,11.77
177,20190101,2,42.14
177,20190101,1,22.77
178,20190101,1,12.49
179,20190101,1,16.36
180,20190101,2,25.88
181,20190101,3,43.7
182,20190101,1,26.77
183,20190101,1,9.99
184,20190101,1,19.99
187,20190101,2,31.32
188,20190101,1,13.77
189,20190101,15,294.03
190,20190101,1,15.36
192,20190101,1,10.77
193,20190101,2,27.94
194,20190101,10,168.89
196,20190101,2,25.54
197,20190101,1,12.49
198,20190101,1,15.76
199,20190101,1,14.37
200,20190101,3,39.93
201,20190101,1,14.96
202,20190101,8,113.94
203,20190101,1,20.99
205,20190101,1,12.49
206,20190101,1,17.99
207,20190101,1,19.3
210,20190101,4,59.66
211,20190101,1,7.78
212,20190101,1,14.37
213,20190101,1,10.77
214,20190101,1,11.77
215,20190101,1,11.77
216,20190101,1,13.97
217,20190101,2,57.54
219,20190101,3,38.51
220,20190101,4,57.85
221,20190101,1,12.49
222,20190101,1,29.99
223,20190101,3,47.93
224,20190101,2,28.33
225,20190101,2,24.98
227,20190101,1,34.97
228,20190101,2,25.98
229,20190101,1,12.49
230,20190101,2,39.98
231,20190101,5,69.04
232,20190101,2,42.98
233,20190101,1,12.99
234,20190101,1,13.97
235,20190101,1,7.98
236,20190101,1,16.7
237,20190101,2,23.54
239,20190101,2,28.74
240,20190101,1,15.99
242,20190101,3,35.11
244,20190101,3,46.64
245,20190101,1,14.96
3,20190102,2,20.76
42,20190102,1,11.77
52,20190102,3,80.95
94,20190102,4,44.1
142,20190102,1,15.36
145,20190102,1,11.77
186,20190102,1,16.96
202,20190102,2,32.52
226,20190102,2,35.93
243,20190102,2,17.96
246,20190102,1,12.97
248,20190102,1,14.37
249,20190102,2,37.35
250,20190102,2,28.74
251,20190102,3,40.26
252,20190102,6,110.6
253,20190102,1,13.97
254,20190102,1,15.96
255,20190102,1,11.77
256,20190102,1,14.99
257,20190102,1,27.77
258,20190102,3,59.97
259,20190102,1,14.79
261,20190102,1,8.77
262,20190102,3,48.95
263,20190102,1,14.79
264,20190102,1,16.99
265,20190102,4,108.87
266,20190102,3,39.97
267,20190102,3,37.47
270,20190102,7,89.77
271,20190102,1,12.77
272,20190102,1,9.98
273,20190102,1,6.79
274,20190102,1,5.78
275,20190102,6,60.47
276,20190102,2,21.73
277,20190102,1,17.9
278,20190102,1,23.97
279,20190102,1,17.3
280,20190102,12,155.64
281,20190102,1,14.7
282,20190102,4,53.88
283,20190102,3,37.71
284,20190102,1,20
285,20190102,1,25.99
286,20190102,2,41.36
287,20190102,1,13.97
288,20190102,1,14.96
289,20190102,1,10.77
290,20190102,2,49.98
291,20190102,14,199.15
292,20190102,1,13.97
293,20190102,7,98.75
295,20190102,1,13.77
296,20190102,3,25.53
297,20190102,1,14.96
298,20190102,5,68.04
299,20190102,1,8.77
301,20190102,5,73.42
302,20190102,2,27.13
303,20190102,1,10.77
304,20190102,2,25.74
305,20190102,5,70.83
306,20190102,1,30.99
308,20190102,1,12.77
311,20190102,5,69.25
312,20190102,2,87.74
313,20190102,7,101.22
314,20190102,1,3.99
316,20190102,3,35.9
317,20190102,1,46.77
318,20190102,2,26.74
319,20190102,2,26.73
320,20190102,1,9.99
321,20190102,6,103.05
322,20190102,1,25.77
323,20190102,2,24.98
324,20190102,2,21.54
325,20190102,6,72.82
326,20190102,1,14.37
327,20190102,3,40.7
328,20190102,3,66.75
329,20190102,1,14.79
330,20190102,1,14.96
331,20190102,1,16.36
332,20190102,1,15.36
333,20190102,1,15.9
334,20190102,3,40.11
335,20190102,1,11.77
336,20190102,1,11.77
338,20190102,2,25.74
339,20190102,6,76.02
340,20190102,5,46.3
341,20190102,2,26.14
342,20190102,1,17.9
343,20190102,5,87.65
344,20190102,3,40.7
345,20190102,1,11.77
346,20190102,2,26.76
347,20190102,1,15.36
348,20190102,1,29.99
349,20190102,3,44.88
350,20190102,1,46.37
351,20190102,1,8.77
352,20190102,1,4.99
353,20190102,2,28.76
354,20190102,1,14.99
355,20190102,3,43.51
356,20190102,2,28.74
357,20190102,3,37.91
358,20190102,2,36.48
359,20190102,5,76.45
360,20190102,1,14.96
361,20190102,1,13.97
362,20190102,1,10
362,20190102,1,13
362,20190102,1,15
362,20190102,1,20
363,20190102,1,16.99
365,20190102,2,29.58
366,20190102,1,15.36
367,20190102,1,44.77
368,20190102,4,60.64
369,20190102,1,7.98
370,20190102,5,65.25
371,20190102,1,14.99
373,20190102,2,28.74
374,20190102,1,13.97
375,20190102,2,64.89
377,20190102,3,38.5
378,20190102,1,14.9
379,20190102,1,18.76
381,20190102,1,20.99
382,20190102,1,12.49
383,20190102,2,30.72
384,20190102,1,11.97
385,20190102,1,6.79
386,20190102,1,18.99
387,20190102,1,13.97
388,20190102,1,10.77
389,20190102,2,104.98
392,20190102,3,58.91
393,20190102,2,29.16
394,20190102,1,26.99
395,20190102,1,26.99
396,20190102,3,41.1
397,20190102,2,42.14
398,20190102,9,92.34
400,20190102,1,14.37
401,20190102,2,41.74
402,20190102,1,10.77
403,20190102,1,11.77
404,20190102,1,10.97
405,20190102,1,14.99
406,20190102,3,29.32
408,20190102,1,25.99
409,20190102,1,14.37
410,20190102,2,29.98
411,20190102,3,41.1
413,20190102,2,25.94
415,20190102,1,31.99
416,20190102,2,47.98
417,20190102,7,114.58
418,20190102,2,24.98
419,20190102,4,108.72
420,20190102,1,16.36
421,20190102,2,28.47
422,20190102,3,35.31
423,20190102,1,24.99
424,20190102,1,13.97
425,20190102,1,14.99
426,20190102,1,10.99
427,20190102,1,11.97
428,20190102,1,14.99
429,20190102,1,11.77
431,20190102,1,17.76
432,20190102,5,64.44
434,20190102,3,33.31
435,20190102,3,40.7
436,20190102,2,30.73
437,20190102,2,28.13
438,20190102,2,24.96
439,20190102,3,41.11
440,20190102,1,14.96
442,20190102,1,14.79
443,20190102,1,14.99
444,20190102,1,13.97
445,20190102,2,24.74
446,20190102,1,19.99
447,20190102,2,19.94
448,20190102,3,36.71
450,20190102,2,20.76
452,20190102,1,12.97
454,20190102,1,29.9
455,20190102,1,0
457,20190102,13,185.77
460,20190102,2,29.98
462,20190102,1,17.3
463,20190102,4,53.29
464,20190102,5,62.45
465,20190102,2,42.98
466,20190102,2,44.98
467,20190102,1,11.77
469,20190102,1,11.97
470,20190102,1,15.76
471,20190102,7,123.43
472,20190102,3,50.97
473,20190102,3,34.97
474,20190102,5,51.85
475,20190102,2,43.13
476,20190102,1,13.97
477,20190102,1,21.99
478,20190102,1,14.37
479,20190102,1,17.9
480,20190102,1,13.99
481,20190102,1,13.97
485,20190102,4,46
486,20190102,1,20
488,20190102,1,17.3
489,20190102,3,47
490,20190102,1,11.77
491,20190102,1,15.76
492,20190102,1,12.97
493,20190102,2,28.34
494,20190102,1,13.77
495,20190102,2,28.96
496,20190102,2,26.13
497,20190102,1,11.77
498,20190102,5,79.43
499,20190102,5,61.05
500,20190102,2,21.74
64,20190103,1,11.77
85,20190103,3,26.31
93,20190103,5,97.24
95,20190103,3,53.53
126,20190103,1,9.77
177,20190103,1,15.99
177,20190103,3,44.72
214,20190103,3,44.73
344,20190103,5,65.04
363,20190103,1,19.97
376,20190103,3,45.88
391,20190103,2,32
399,20190103,2,34.36
422,20190103,3,38.72
449,20190103,4,49.68
459,20190103,1,23.99
482,20190103,2,15.76
487,20190103,1,11.77
18,20190104,1,14.96
44,20190104,1,14.37
69,20190104,8,111.77
380,20190104,4,47.08
390,20190104,1,15.36
402,20190104,1,13.97
47,20190105,2,25.74
164,20190105,2,25.73
191,20190105,6,70.23
260,20190105,4,57.27
495,20190105,3,43.11
52,20190106,2,23.14
139,20190106,1,11.77
152,20190106,2,21.54
174,20190106,1,21.37
195,20190106,1,15.36
229,20190106,2,19.28
335,20190106,1,14.96
364,20190106,1,29.97
407,20190106,2,21.74
411,20190106,1,51.97
441,20190106,5,62.45
457,20190106,14,192
27,20190107,6,83.41
310,20190107,3,39.32
319,20190107,1,14.96
355,20190107,3,39.3
404,20190107,1,19.99
485,20190107,4,53.5
67,20190108,1,29.99
90,20190108,1,11.77
214,20190108,1,14.79
252,20190108,2,26.14
329,20190108,1,11.77
360,20190108,1,14.96
433,20190108,1,31.97
453,20190108,5,57.45
59,20190109,1,11.77
128,20190109,1,12.49
400,20190109,1,14.37
55,20190110,1,15.36
81,20190110,2,56.36
313,20190110,6,70
412,20190110,3,35.31
457,20190110,10,131.49
484,20190110,2,29.33
89,20190111,2,30.72
111,20190111,1,32.99
194,20190111,6,86.89
208,20190111,5,63.25
463,20190111,1,15.76
485,20190111,4,58.87
2,20190112,1,12
2,20190112,5,77
27,20190112,4,52.46
109,20190112,5,71.89
145,20190112,2,26.73
177,20190112,1,14.37
430,20190112,1,11.77
21,20190113,1,11.77
78,20190113,3,41.52
142,20190113,3,49.97
286,20190113,3,45.91
314,20190113,10,166.89
314,20190113,4,60.25
417,20190113,3,55.71
5,20190114,1,13.97
95,20190114,3,47.11
417,20190114,1,14.96
204,20190115,5,72.23
467,20190115,1,15.96
241,20190116,2,24.74
56,20190117,1,15.96
62,20190117,1,17.96
67,20190117,1,11.77
81,20190117,3,35.31
177,20190117,1,14.37
227,20190117,1,13.77
242,20190117,2,30.32
246,20190117,3,37.51
276,20190117,2,37.54
279,20190117,1,66.3
316,20190117,1,10.77
424,20190117,2,63.94
443,20190117,1,24.99
483,20190117,1,24.99
489,20190117,1,13.97
4,20190118,2,29.73
20,20190118,19,289.41
101,20190118,2,23.54
225,20190118,3,37.47
343,20190118,1,30.77
372,20190118,1,14.96
394,20190118,2,29.76
431,20190118,5,55.05
449,20190118,3,35.31
451,20190118,1,24.99
472,20190118,5,74.71
499,20190118,5,63.65
52,20190119,2,33.98
99,20190119,2,28.34
106,20190119,2,29.92
161,20190119,1,13.97
167,20190119,2,30.32
209,20190119,4,66.26
213,20190119,1,11.77
294,20190119,1,14.37
421,20190119,2,24.74
458,20190119,1,5.78
379,20190120,2,29.33
10,20190121,3,39.31
33,20190121,2,29.92
167,20190121,1,13.77
329,20190121,2,29.16
337,20190121,2,23.54
52,20190122,2,27.74
192,20190122,2,30.92
200,20190122,2,44.36
411,20190122,4,73.06
460,20190122,2,34.98
238,20190123,7,88.69
313,20190123,3,43.3
344,20190123,4,55.07
32,20190124,1,16.36
95,20190124,5,91.26
149,20190124,4,51.67
270,20190124,14,179.4
379,20190124,1,31.99
46,20190125,4,60.11
59,20190125,1,10.77
130,20190125,1,5.99
214,20190125,2,23.54
249,20190125,2,23.94
498,20190125,3,40.7
26,20190126,3,59.97
47,20190126,3,44.97
48,20190126,4,73.5
83,20190126,3,47.69
152,20190126,2,23.54
436,20190126,2,30.73
28,20190127,2,25.74
51,20190127,5,71.42
133,20190127,1,14.37
266,20190127,4,59.31
11,20190128,1,19.3
147,20190128,2,27.14
37,20190129,2,31.26
52,20190129,3,38.33
89,20190129,2,30.72
318,20190129,1,11.77
145,20190130,2,20.75
244,20190130,8,117.6
60,20190201,2,21.75
133,20190201,1,9.77
280,20190201,6,88.32
313,20190201,7,99.95
472,20190201,2,32.35
81,20190202,2,27.76
109,20190202,7,132.57
177,20190202,1,13.97
177,20190202,1,14.37
187,20190202,1,4.79
374,20190202,4,48.47
379,20190202,1,9.77
36,20190203,1,11.77
95,20190203,2,37.98
152,20190203,2,28.93
247,20190203,1,19.3
378,20190203,1,14.9
5,20190204,3,38.9
234,20190204,1,9.99
244,20190204,3,35.31
339,20190204,6,95.82
112,20190205,1,11.77
352,20190205,1,11.77
357,20190205,2,53.54
399,20190205,2,27.96
411,20190205,15,245.11
422,20190205,1,13.97
436,20190205,3,54.9
29,20190206,3,67.31
218,20190206,4,57.48
228,20190206,2,23.54
238,20190206,3,36.33
344,20190206,3,41.3
128,20190207,2,22.75
164,20190207,3,38.5
177,20190207,2,30.92
373,20190207,4,53.4
422,20190207,1,13.97
95,20190208,1,27.77
130,20190208,3,42.89
289,20190208,1,9.77
96,20190209,4,61.91
48,20190210,3,37.93
95,20190210,2,25.13
102,20190210,1,25.99
177,20190210,1,15.96
228,20190211,1,13.97
315,20190211,1,34.97
344,20190211,1,15.96
64,20190212,2,13.98
228,20190212,1,27.77
353,20190212,2,40.47
411,20190212,5,67.83
414,20190212,3,43.95
8,20190213,1,13.97
62,20190213,1,13.97
441,20190213,1,12.49
30,20190214,1,13.97
96,20190214,3,29.5
179,20190215,1,14.96
269,20190215,1,29.99
471,20190215,2,44.36
33,20190216,5,73.42
43,20190216,2,25.74
47,20190216,1,15.37
148,20190216,1,9.77
246,20190216,2,28.34
499,20190216,9,123.93
95,20190217,1,19.77
103,20190217,4,51.08
411,20190217,5,62.04
246,20190218,3,37.51
249,20190219,1,30.99
265,20190219,1,14.96
454,20190219,1,12.49
81,20190220,3,35.31
265,20190220,1,11.77
222,20190221,1,15.36
96,20190222,1,96.99
120,20190222,1,14.96
161,20190222,3,38.9
244,20190222,3,41.69
47,20190223,2,30.92
177,20190223,1,16.76
226,20190223,2,26.73
404,20190223,2,30.95
485,20190223,7,100.34
88,20190224,1,14.99
147,20190224,3,62.1
209,20190224,2,29.92
145,20190225,1,15.96
157,20190226,4,52.27
373,20190226,2,29.33
132,20190227,5,54.65
185,20190227,3,26.07
203,20190227,1,13.97
225,20190227,1,6.79
307,20190227,2,28.45
328,20190227,1,22.99
411,20190227,4,49.48
421,20190227,1,15.36
466,20190227,2,28.93
73,20190228,2,24.14
228,20190228,1,9.98
43,20190301,1,10.77
133,20190302,1,15.99
197,20190302,1,12.49
256,20190302,2,34.6
95,20190304,4,67.46
81,20190305,1,14.99
37,20190306,2,29.13
452,20190306,1,11.77
28,20190308,2,25.74
40,20190308,1,13.97
62,20190308,2,24.54
167,20190308,1,14.96
179,20190308,2,24.94
227,20190308,1,14.96
240,20190308,1,14.96
485,20190308,7,107.59
29,20190309,3,41.1
47,20190309,1,17.96
47,20190309,1,4.79
177,20190310,1,14.37
421,20190310,1,13.97
177,20190311,1,15.96
228,20190311,1,15.36
145,20190312,2,29.93
145,20190312,4,56.47
315,20190312,3,39.92
39,20190313,4,50.68
398,20190313,1,6.77
411,20190313,4,74.67
461,20190313,4,55.07
485,20190313,1,18.76
62,20190314,2,28.14
145,20190314,3,28.54
164,20190314,2,29.33
313,20190314,5,70.03
323,20190314,1,11.77
96,20190315,6,75.22
111,20190315,4,77.96
209,20190315,1,19.99
315,20190315,1,13.97
46,20190316,3,45.09
47,20190316,2,27.94
73,20190316,4,56.46
141,20190316,2,19.54
309,20190316,3,52.5
11,20190317,1,12.77
245,20190317,1,7.99
205,20190318,1,19.3
177,20190319,1,11.77
177,20190319,1,15.36
373,20190319,4,51.47
411,20190319,2,318.74
272,20190320,2,18.75
485,20190320,5,100.24
456,20190321,5,58.25
185,20190322,1,14.79
185,20190322,1,6.99
192,20190322,2,28.93
207,20190322,1,34.99
48,20190323,1,12.49
468,20190323,2,26.73
268,20190324,1,7.78
370,20190324,4,61.44
398,20190324,7,109.55
48,20190325,4,46.5
95,20190325,2,42.73
273,20190325,1,14.96
300,20190325,1,13.97
177,20190326,1,14.96
400,20190326,1,14.79
89,20190327,2,27.13
244,20190328,4,56.47
431,20190328,6,72.62
244,20190329,2,30.96
3,20190330,2,20.76
120,20190330,1,11.77
142,20190330,1,19.99
387,20190330,2,29.16
436,20190330,2,27.94
132,20190401,2,27.13
3,20190402,2,19.54
244,20190402,3,41.9
398,20190403,5,68.23
29,20190405,3,44.52
81,20190405,1,13.77
145,20190405,1,13.97
201,20190405,1,14.37
203,20190405,1,14.9
272,20190405,1,9.98
47,20190406,1,13.97
103,20190406,2,29.75
316,20190406,1,14.79
47,20190407,1,14.79
214,20190407,3,46.51
465,20190407,2,42.98
96,20190408,3,49.94
328,20190408,3,56.7
404,20190409,1,11.77
344,20190410,4,53.46
5,20190411,3,45.55
89,20190411,1,20.97
328,20190411,1,15.36
387,20190411,2,29.92
95,20190414,1,14.37
256,20190414,1,29.99
456,20190415,8,108.53
92,20190416,1,17.36
111,20190416,3,59.3
141,20190416,1,22.77
225,20190416,1,12.49
411,20190416,4,56.87
96,20190417,4,60.48
47,20190419,1,19.97
82,20190419,3,48.5
343,20190419,2,23.54
446,20190419,1,19.77
29,20190420,1,13.97
226,20190420,2,23.76
238,20190420,4,59.06
244,20190420,3,44.88
301,20190421,1,9.99
372,20190422,1,21.77
492,20190422,1,8.77
47,20190423,1,41.77
246,20190423,7,85.79
99,20190424,2,28.93
111,20190424,2,134.98
398,20190424,2,29.92
177,20190425,1,14.96
95,20190427,2,29.33
161,20190427,2,25.14
280,20190428,1,12.49
313,20190428,30,457.49
373,20190428,2,28.34
411,20190428,4,58.85
474,20190429,2,26.74
114,20190501,2,28.13
387,20190501,1,14.96
397,20190501,3,62.49
33,20190502,2,40.74
145,20190502,2,30.32
288,20190502,1,13.97
365,20190502,1,10.78
40,20190503,1,15.96
140,20190503,1,15.36
145,20190503,1,15.96
241,20190503,1,14.96
29,20190504,2,26.14
133,20190504,3,47.33
445,20190504,2,28.33
134,20190505,1,9.99
197,20190505,1,28.99
441,20190505,1,6.79
398,20190506,2,15.54
485,20190506,4,38.87
246,20190508,4,52.87
365,20190510,2,27.13
95,20190511,2,26.56
95,20190511,2,30.32
227,20190511,3,86.51
445,20190511,2,25.54
64,20190512,1,11.77
344,20190512,3,41.69
9,20190513,2,30.33
64,20190513,1,14.96
205,20190513,1,19.3
485,20190513,2,28.13
33,20190514,3,54.25
39,20190514,2,28.93
62,20190514,2,14.55
422,20190514,8,113.35
304,20190515,1,14.96
365,20190515,1,17.36
365,20190515,2,30.32
120,20190517,1,42.32
147,20190517,1,13.97
219,20190517,3,35.51
373,20190517,1,14.96
52,20190518,4,59.84
456,20190518,5,69.23
304,20190519,1,15.19
313,20190519,8,111.15
381,20190519,1,12.77
431,20190520,5,57.25
453,20190520,9,123.71
62,20190521,1,5.78
214,20190522,3,40.91
339,20190522,8,114.58
373,20190522,1,11.77
98,20190523,2,30.32
304,20190523,2,32.92
81,20190524,1,14.96
411,20190525,3,42.71
95,20190526,2,29.33
145,20190526,1,13.97
441,20190526,1,6.79
89,20190527,1,15.36
177,20190527,1,8.97
228,20190527,1,21.97
304,20190527,2,24.53
154,20190529,1,14.96
436,20190529,1,13.97
29,20190530,1,32.45
400,20190530,1,12.97
492,20190530,2,24.98
5,20190531,3,38.71
87,20190531,2,29.92
228,20190531,1,17.3
33,20190601,1,14.96
56,20190601,2,21.54
130,20190601,1,10.77
192,20190601,3,59.69
148,20190602,1,9.77
396,20190602,2,80.54
454,20190603,2,37.4
33,20190604,2,30.13
81,20190605,5,82.79
164,20190606,2,27.94
230,20190606,2,39.98
177,20190608,1,11.77
424,20190608,2,26.56
48,20190609,2,29.92
81,20190609,1,7.78
450,20190609,3,38.9
19,20190610,1,11.77
95,20190610,1,11.77
456,20190611,4,54.67
167,20190614,2,24.95
47,20190615,1,19.99
328,20190615,2,28.93
5,20190616,2,26.14
132,20190616,4,57.45
433,20190616,4,59.63
8,20190617,3,45.29
485,20190617,4,49.67
246,20190618,2,31.32
464,20190618,1,43.72
44,20190619,1,14.96
81,20190619,1,14.96
398,20190619,1,13.97
52,20190621,7,104.72
133,20190621,3,59.74
47,20190622,1,4.79
125,20190622,1,13.72
177,20190622,1,14.96
385,20190622,1,14.99
433,20190622,1,32.45
111,20190623,1,91.92
389,20190623,3,42.53
96,20190624,1,12.97
118,20190624,4,58.49
424,20190624,1,31.03
238,20190625,3,47.89
292,20190625,1,17.96
406,20190625,3,51.72
411,20190625,4,61.28
106,20190626,2,30.72
344,20190627,2,27.74
37,20190628,1,13.97
365,20190628,3,46.34
95,20190630,1,28.18
130,20190701,1,5.99
421,20190701,10,124.29
430,20190701,7,102.33
445,20190701,2,27.14
376,20190702,1,19.77
8,20190703,2,36.76
404,20190703,2,30.15
322,20190705,2,26.56
51,20190707,8,111.93
145,20190707,1,13.97
492,20190707,2,24.5
228,20190708,3,51.75
250,20190708,3,42.09
276,20190708,3,45.09
292,20190708,2,19.96
313,20190708,18,253.97
396,20190708,2,19.73
96,20190709,2,23.74
381,20190709,1,16.65
323,20190710,4,75.32
445,20190710,1,14.37
429,20190711,2,31.14
16,20190713,2,31.6
29,20190713,2,37.65
29,20190713,2,26.74
192,20190714,1,14.96
485,20190714,6,94.46
492,20190714,2,35.21
164,20190715,1,14.96
446,20190715,2,31.52
411,20190717,5,58.85
25,20190718,1,13.9
177,20190718,1,14.96
404,20190718,1,14.37
226,20190719,2,24.74
344,20190721,1,12.77
468,20190721,2,26.14
5,20190722,2,28.14
64,20190722,1,15.36
81,20190722,1,11.97
111,20190722,3,47.08
313,20190722,13,190.39
83,20190723,3,19.5
179,20190723,1,21.97
203,20190724,1,13.97
246,20190724,1,29.37
164,20190725,3,42.7
400,20190725,3,48.71
16,20190726,4,28.51
99,20190726,4,52.1
111,20190726,2,71.96
247,20190726,1,23.88
348,20190726,2,67.53
373,20190726,2,28.68
458,20190726,1,14.37
238,20190727,6,73.22
244,20190727,11,144.98
341,20190727,4,80.46
375,20190727,1,14.99
387,20190727,1,18.1
179,20190728,1,12.25
48,20190730,3,42.85
89,20190730,4,60.67
295,20190730,14,195.53
87,20190731,3,45.28
301,20190731,3,41.5
316,20190731,1,10.77
398,20190731,6,91.16
446,20190731,1,13.97
192,20190801,1,14.96
225,20190801,1,23.88
4,20190802,1,14.96
328,20190802,3,37.53
96,20190803,7,102.21
128,20190803,1,12.25
177,20190803,1,14.96
179,20190803,1,14.96
179,20190803,2,16.76
313,20190803,15,206.15
492,20190803,1,14.96
398,20190804,2,26.73
492,20190804,1,11.77
228,20190807,2,36.74
375,20190808,1,15.76
46,20190809,4,58.07
47,20190809,1,9.99
328,20190810,2,30.77
375,20190810,1,11.77
387,20190810,5,84.06
244,20190811,4,59.65
244,20190811,1,46.77
229,20190812,1,12.25
344,20190812,1,13.97
130,20190813,1,14.96
441,20190813,3,37.31
279,20190814,2,56.21
398,20190814,1,15.96
48,20190815,1,15.36
145,20190815,2,27.13
37,20190816,1,14.37
25,20190817,1,12.25
179,20190817,1,9.98
244,20190817,3,32.31
300,20190818,1,13.97
53,20190819,1,14.37
398,20190820,1,14.37
389,20190821,4,59.48
492,20190821,2,24.98
398,20190822,1,14.37
89,20190823,2,46.42
244,20190823,7,96.97
250,20190823,2,33.74
445,20190823,2,27.13
46,20190824,4,57.11
48,20190824,1,24.37
227,20190824,1,14.37
95,20190825,4,66.46
62,20190827,1,15.36
141,20190827,2,44.34
180,20190828,3,36.71
228,20190828,1,23.97
33,20190829,2,35.69
40,20190830,1,14.96
370,20190830,2,26.73
117,20190831,2,24.74
51,20190901,7,104.6
313,20190901,13,171.35
417,20190904,2,29.73
177,20190905,1,14.96
177,20190905,1,15.36
246,20190905,2,30.92
29,20190906,1,14.79
33,20190906,1,11.77
114,20190908,1,22.97
16,20190910,1,9.99
244,20190910,5,65.95
295,20190910,5,67.95
161,20190912,3,36.97
389,20190912,4,50.96
124,20190913,2,28.48
145,20190913,2,25.98
40,20190914,3,44.47
40,20190914,1,13.99
40,20190914,1,22.99
244,20190914,1,12.99
387,20190914,9,144.91
456,20190914,6,68.44
468,20190914,2,25.98
5,20190915,3,40.47
81,20190915,2,26.98
147,20190915,1,12.99
147,20190915,1,14.99
398,20190915,2,25.98
411,20190916,5,69.95
441,20190916,2,23.98
492,20190916,3,21.47
186,20190917,1,17.49
499,20190919,15,159.35
499,20190919,2,24.98
64,20190920,3,41.47
95,20190921,4,45.96
499,20190921,7,84.93
499,20190921,2,23.48
300,20190923,2,25.98
179,20190924,2,19.98
323,20190924,3,29.97
499,20190924,3,40.47
179,20190925,1,9.99
328,20190925,2,27.48
339,20190925,3,40.97
35,20190927,1,15.49
81,20190927,1,12.99
82,20190927,2,30.98
154,20190927,1,13.99
182,20190927,1,12.99
324,20190927,3,37.47
365,20190927,2,25.98
246,20190928,2,30.98
398,20190929,1,11.49
62,20191001,2,25.98
499,20191001,1,22.49
499,20191001,1,11.49
499,20191001,1,11.49
499,20191001,1,15.49
499,20191001,1,15.49
499,20191001,1,13.99
499,20191001,1,13.99
499,20191001,1,12.99
499,20191001,1,20.99
499,20191001,1,26.99
499,20191001,1,14.49
33,20191002,3,45.47
46,20191002,2,26.98
499,20191002,1,9.49
499,20191002,1,11.49
499,20191002,1,11.49
499,20191002,1,19.99
33,20191003,2,34.98
499,20191003,1,13.99
499,20191003,1,2.99
499,20191003,1,11.49
499,20191003,1,15.49
499,20191003,1,10.49
499,20191003,1,55.49
33,20191005,3,54.97
499,20191005,1,14.99
499,20191005,1,12.99
132,20191006,5,67.95
368,20191006,6,74.94
328,20191007,2,25.48
499,20191007,2,25.98
499,20191007,1,11.99
87,20191008,2,27.98
398,20191008,4,55.46
411,20191008,6,77.94
313,20191010,9,114.91
398,20191010,2,30.48
7,20191011,7,97.43
99,20191011,2,24.98
167,20191011,1,12.99
195,20191011,1,9.49
33,20191013,5,69.45
411,20191013,4,95.96
433,20191013,3,37.47
48,20191014,1,25.49
499,20191014,1,11.99
499,20191014,1,12.99
499,20191014,1,14.49
499,20191014,1,13.99
499,20191014,1,18.99
499,20191014,1,13.99
398,20191015,2,25.98
499,20191015,1,11.49
499,20191015,1,11.49
499,20191015,1,5.49
499,20191015,1,11.49
499,20191015,1,9.49
499,20191015,1,20.99
499,20191015,1,20.99
499,20191015,1,20.99
499,20191015,1,22.49
62,20191016,1,15.99
124,20191016,2,26.98
48,20191017,2,25.98
89,20191017,2,27.48
125,20191017,1,12.99
201,20191018,1,9.49
458,20191018,1,12.49
33,20191019,3,48.97
246,20191019,4,74.46
499,20191019,1,12.99
499,20191019,1,12.99
48,20191020,1,20.99
424,20191020,1,12.99
485,20191020,3,91.47
214,20191021,3,39.97
300,20191021,2,24.98
88,20191022,2,19.98
97,20191022,6,80.94
245,20191022,1,12.99
246,20191022,3,41.47
496,20191022,1,12.99
358,20191023,1,11.49
398,20191023,14,163.86
25,20191024,1,12.99
141,20191024,1,5.49
195,20191024,2,28.98
396,20191024,3,35.97
411,20191024,5,55.95
40,20191025,2,25.98
111,20191025,3,78.47
195,20191025,1,11.49
177,20191026,1,15.49
152,20191028,3,43.97
461,20191028,9,109.41
499,20191028,1,12.99
499,20191028,1,12.99
499,20191028,1,19.99
62,20191029,3,41.97
195,20191029,1,22.49
398,20191029,1,12.99
499,20191029,1,9.49
499,20191029,1,9.49
499,20191029,1,6.49
499,20191029,1,9.49
499,20191029,1,9.49
499,20191029,1,9.49
499,20191029,1,9.49
499,20191029,1,9.49
499,20191029,1,20.99
499,20191029,1,11.49
499,20191029,1,11.49
499,20191029,1,13.49
499,20191029,1,19.99
499,20191029,1,9.99
499,20191029,1,9.99
499,20191029,1,19.99
89,20191030,2,18.98
96,20191030,4,114.46
167,20191030,1,59.49
222,20191030,2,40.98
257,20191030,1,12.99
33,20191031,4,54.46
145,20191031,1,12.99
345,20191031,2,78.48
47,20191101,1,19.49
177,20191101,1,14.99
195,20191101,1,11.49
317,20191101,3,42.47
499,20191101,13,129.87
29,20191102,3,35.97
37,20191102,3,39.47
124,20191102,2,25.98
343,20191102,3,35.47
411,20191102,2,101.98
48,20191103,2,41.98
64,20191104,3,53.47
106,20191104,2,27.98
148,20191104,1,11.49
305,20191105,6,81.44
344,20191105,2,24.98
33,20191106,5,66.45
145,20191106,1,12.99
154,20191106,1,13.99
299,20191106,1,13.99
313,20191106,9,125.91
464,20191106,3,14.47
499,20191106,8,92.92
148,20191107,3,40.97
130,20191108,1,12.99
33,20191109,3,67.47
147,20191109,2,29.48
33,20191110,1,13.99
454,20191110,1,12.49
499,20191110,11,172.89
499,20191110,3,95.97
48,20191111,3,42.47
133,20191111,2,32.98
301,20191111,3,48.47
490,20191111,1,15.99
46,20191112,2,26.98
433,20191112,2,27.48
99,20191113,3,40.97
499,20191113,5,89.95
499,20191114,1,11.49
499,20191114,1,9.49
499,20191114,1,9.49
499,20191114,1,9.49
499,20191114,1,13.99
3,20191115,5,57.45
8,20191116,1,2.99
8,20191116,7,50.43
207,20191116,3,39.97
499,20191116,1,12.99
410,20191117,1,12.99
441,20191117,2,15.48
499,20191117,1,14.49
499,20191117,1,14.49
499,20191117,1,14.49
33,20191118,1,14.49
96,20191118,5,234.45
300,20191118,1,13.99
313,20191118,8,97.92
458,20191118,2,8.48
145,20191119,3,55.97
177,20191119,1,17.99
244,20191120,9,119.41
441,20191120,1,14.49
456,20191120,8,103.92
456,20191120,1,15.49
125,20191121,1,6.49
294,20191121,1,12.99
339,20191121,5,84.45
499,20191121,1,18.99
499,20191121,1,22.49
63,20191122,2,26.98
33,20191123,4,55.96
82,20191123,3,43.97
167,20191123,1,11.49
328,20191123,2,23.48
387,20191123,11,163.89
499,20191123,1,14.49
48,20191124,2,16.98
323,20191124,2,27.48
3,20191125,4,20.96
33,20191125,3,36.97
136,20191126,2,36.98
313,20191126,5,68.45
360,20191126,2,25.98
387,20191126,2,20.98
499,20191126,1,14.49
499,20191126,1,11.49
499,20191126,1,11.49
499,20191127,1,12.99
43,20191128,1,36.99
64,20191128,8,59.92
102,20191128,1,11.49
499,20191128,15,192.35
51,20191129,5,53.95
51,20191129,1,13.99
365,20191129,2,31.98
166,20191130,2,16.48
51,20191201,1,11.49
398,20191201,2,29.48
126,20191202,2,292.98
177,20191202,1,31.49
147,20191203,6,67.94
245,20191203,2,30.48
245,20191203,1,10.49
300,20191203,3,39.47
48,20191204,1,9.49
246,20191204,1,13.99
89,20191205,3,39.97
177,20191205,1,22.49
111,20191206,3,83.47
317,20191206,1,14.49
96,20191207,1,248.49
205,20191207,2,50.98
424,20191207,3,91.47
5,20191208,4,46.46
95,20191209,6,90.94
217,20191209,8,113.92
398,20191209,2,30.98
53,20191210,1,11.49
167,20191210,1,18.49
441,20191210,1,14.99
499,20191210,11,154.39
499,20191210,10,121.9
100,20191211,1,12.49
161,20191211,3,32.47
4,20191212,2,26.48
5,20191212,3,40.47
124,20191212,2,27.98
300,20191212,3,39.97
371,20191212,2,20.48
40,20191213,1,16.99
147,20191213,4,59.46
166,20191213,3,36.97
431,20191213,3,43.47
40,20191214,4,54.96
161,20191214,3,79.97
246,20191214,4,57.46
182,20191215,3,41.97
398,20191215,1,13.99
99,20191216,1,65.99
164,20191216,3,41.97
247,20191216,1,19.99
398,20191216,2,27.98
56,20191217,4,63.96
365,20191217,1,12.99
120,20191218,1,11.49
300,20191218,1,13.99
95,20191219,2,82.98
433,20191220,1,10.49
166,20191221,2,17.98
312,20191221,1,14.99
89,20191222,2,29.48
161,20191222,1,51.99
370,20191222,3,40.47
398,20191222,1,12.99
246,20191223,2,27.48
166,20191224,3,36.97
344,20191224,3,38.97
499,20191224,3,34.47
8,20191225,1,13.99
89,20191226,3,31.97
400,20191226,1,12.99
400,20191226,1,6.49
89,20191229,1,19.49
228,20191229,3,41.47
64,20191230,3,41.97
106,20191230,1,36.99
424,20200101,1,39.49
96,20200102,4,68.46
411,20200102,4,104.96
5,20200103,3,37.47
177,20200103,1,11.49
373,20200105,1,15.49
228,20200106,1,29.99
292,20200107,1,13.99
134,20200108,1,21.49
300,20200108,2,27.48
48,20200109,3,40.47
95,20200110,3,42.47
201,20200111,1,9.49
374,20200111,1,14.99
318,20200112,2,25.98
33,20200113,3,36.97
398,20200114,2,27.48
398,20200116,3,46.47
96,20200117,4,45.46
412,20200117,1,10.49
446,20200117,1,11.49
111,20200118,4,84.46
152,20200118,2,23.98
499,20200118,12,175.88
24,20200120,1,10.49
195,20200120,1,14.49
245,20200121,4,57.85
488,20200121,1,15.49
445,20200122,2,19.48
89,20200123,2,34.98
317,20200123,6,90.94
244,20200124,6,86.44
300,20200124,3,25.47
328,20200124,1,34.49
389,20200124,7,96.79
389,20200124,6,81.33
398,20200126,3,41.16
53,20200127,1,11.88
170,20200127,3,44.47
217,20200129,1,12.58
106,20200131,3,44.97
485,20200201,12,203.88
95,20200202,2,24.98
398,20200202,4,51.96
246,20200203,2,26.87
177,20200204,1,11.49
398,20200204,4,55.85
344,20200205,3,35.95
398,20200205,4,58.96
499,20200205,3,38.06
317,20200206,2,36.48
398,20200206,1,16.49
161,20200207,2,25.98
400,20200207,1,14.49
95,20200208,8,109.24
97,20200208,4,128.87
53,20200209,1,14.49
125,20200209,1,11.49
329,20200209,2,26.37
398,20200209,1,14.99
114,20200210,1,28.49
89,20200211,2,26.98
114,20200211,2,28.98
344,20200212,2,29.07
360,20200212,1,11.49
387,20200212,4,66.14
300,20200213,3,40.47
40,20200215,1,12.58
40,20200215,1,2.99
111,20200215,4,123.96
226,20200215,1,15.49
365,20200215,1,12.99
474,20200215,3,43.47
65,20200216,2,35.98
406,20200217,1,32.49
142,20200219,1,12.58
398,20200219,2,27.98
11,20200220,1,12.99
323,20200220,3,43.97
387,20200220,3,50.65
111,20200221,2,32.98
208,20200221,5,70.38
141,20200222,1,11.88
148,20200222,2,29.91
300,20200222,1,8.39
361,20200222,2,23.76
145,20200223,1,12.58
344,20200223,2,18.98
95,20200224,5,105.45
96,20200224,2,28.37
166,20200224,1,11.49
179,20200224,1,11.88
398,20200224,1,14.49
40,20200225,3,36.34
47,20200225,1,12.99
111,20200226,2,23.06
145,20200226,2,24.46
300,20200226,2,25.98
33,20200227,3,34.47
82,20200227,3,40.56
89,20200227,1,22.49
329,20200227,1,11.88
484,20200227,2,23.06
102,20200301,4,105.62
398,20200302,1,11.18
64,20200303,1,7.68
323,20200303,4,50.85
398,20200303,2,26.3
113,20200304,1,15.27
33,20200305,4,35.35
39,20200305,4,49.55
344,20200305,1,32.49
300,20200306,2,29.48
328,20200306,3,41.47
485,20200306,3,80.06
113,20200307,1,11.49
252,20200307,6,69.94
40,20200308,1,14.42
300,20200308,2,15.98
499,20200308,15,206.41
96,20200309,3,30.86
246,20200309,3,45.47
277,20200309,1,13.99
398,20200310,1,9.49
32,20200311,1,11.88
39,20200311,2,58.96
165,20200311,2,17.98
458,20200311,1,12.49
229,20200312,2,19.98
244,20200312,4,44.46
365,20200312,2,26.37
33,20200313,2,42.48
244,20200313,1,27.99
145,20200314,1,11.88
246,20200314,1,11.88
400,20200315,1,12.58
499,20200315,7,81.52
499,20200315,1,45.99
95,20200316,6,82.42
161,20200317,4,54.77
47,20200318,1,14.49
166,20200318,1,11.88
117,20200319,1,15.49
396,20200319,4,32.92
293,20200320,5,75.03
484,20200320,4,40.23
148,20200321,2,29.57
374,20200321,1,29.99
374,20200321,2,25.98
374,20200321,1,12.49
389,20200321,1,14.49
389,20200321,1,29.49
7,20200322,9,138.5
47,20200322,2,22.98
48,20200322,3,51.47
65,20200322,1,13.99
252,20200322,7,105.82
365,20200322,2,25.98
445,20200322,3,33.97
300,20200324,3,39.47
300,20200324,1,13.49
210,20200326,2,26.37
241,20200326,2,36.37
246,20200326,2,22.67
185,20200327,3,39.36
295,20200327,8,109.33
398,20200327,3,47.86
406,20200327,3,39.2
97,20200328,2,23.37
313,20200328,5,69.34
464,20200328,4,30.96
8,20200329,2,24.46
244,20200329,2,32.48
328,20200329,3,34.47
499,20200329,8,104.42
313,20200330,3,40.97
328,20200401,2,25.98
173,20200403,3,31.47
31,20200407,4,42.89
31,20200409,3,38.06
244,20200409,2,36.71
257,20200409,1,14.99
82,20200410,3,40.29
64,20200411,2,35.48
142,20200411,1,24.49
47,20200414,1,13.99
313,20200415,4,52.35
25,20200417,1,12.99
103,20200417,3,29.66
63,20200418,2,24.48
83,20200418,1,21.49
100,20200420,2,28.98
404,20200420,2,20.98
358,20200421,1,12.49
398,20200422,3,36.34
64,20200423,2,21.98
78,20200423,4,53.74
398,20200423,4,47.46
499,20200425,3,35.25
29,20200426,4,48.45
154,20200426,1,11.88
300,20200427,1,15.99
95,20200428,7,106.93
201,20200428,1,24.99
499,20200428,6,83.72
130,20200429,1,12.99
323,20200429,6,128.42
396,20200429,2,21.37
485,20200429,6,82.94
313,20200430,4,52.46
337,20200430,1,14.49
430,20200430,3,38.47
360,20200501,1,11.49
499,20200501,3,41.47
499,20200501,1,28.99
484,20200502,1,11.88
53,20200504,1,13.99
358,20200504,3,42.97
226,20200505,3,43.47
145,20200506,1,17.48
358,20200506,1,15.49
406,20200506,2,66.48
95,20200507,3,59.97
96,20200507,4,54.85
141,20200507,2,23.76
52,20200508,2,76.98
241,20200509,2,24.48
499,20200509,10,136.89
111,20200510,1,72.99
328,20200510,1,15.49
499,20200510,9,112.95
132,20200511,3,41.56
247,20200512,2,30.98
458,20200512,1,38.49
37,20200513,2,27.48
177,20200513,1,14.99
430,20200513,2,30.98
244,20200514,1,11.88
328,20200516,2,14.98
328,20200517,2,31.48
182,20200518,1,9.99
184,20200518,1,11.88
398,20200518,1,12.99
398,20200518,1,12.99
300,20200520,3,34.47
63,20200521,2,24.48
328,20200521,2,27.48
185,20200522,2,27.98
43,20200524,1,14.49
313,20200524,2,34.98
25,20200525,1,10.49
31,20200525,3,37.04
344,20200525,2,31.98
360,20200525,2,23.87
166,20200527,1,11.88
328,20200527,1,11.99
3,20200528,1,16.99
387,20200529,9,159.41
145,20200530,2,27.37
484,20200531,1,12.99
161,20200601,2,36.98
165,20200601,1,8.99
276,20200601,1,13.99
396,20200601,1,28.99
499,20200601,21,248.79
217,20200602,1,11.88
25,20200603,3,24.97
244,20200603,1,26.99
441,20200603,2,24.48
499,20200603,1,9.49
328,20200605,1,11.89
387,20200605,2,44.98
47,20200606,1,12.99
252,20200606,2,22.77
389,20200606,3,36.36
389,20200606,4,55.35
244,20200607,1,12.99
9,20200608,2,41.98
25,20200608,2,24.98
48,20200608,1,9.49
125,20200608,2,26.48
492,20200608,2,23.76
89,20200610,1,40.99
95,20200610,4,65.44
244,20200610,1,12.99
252,20200610,1,12.99
424,20200610,1,14.49
245,20200611,1,13.99
300,20200611,2,24.98
376,20200612,2,25.16
48,20200613,2,29.48
464,20200613,2,21.57
328,20200614,2,30.48
374,20200614,7,101.93
429,20200614,1,59.49
499,20200614,11,143.07
398,20200615,3,39.84
433,20200615,3,85.45
431,20200616,4,57.46
300,20200619,3,35.97
111,20200620,3,55.47
246,20200620,4,50.85
328,20200621,1,31.99
499,20200621,12,110.38
323,20200622,1,19.99
328,20200623,2,16.98
95,20200624,4,49.43
64,20200625,3,37.56
300,20200626,1,14.49
96,20200627,4,49.96
229,20200627,1,19.49
164,20200629,2,24.46
446,20200629,1,15.49
328,20200630,2,27.98
398,20200630,2,28.48
